date,puzzle_id,puzzle_type,constructor,title,seconds,time,percent_filled,solved,solved_at,opened_at,first_typed_at,autocheck,cheated,revealed_cells,checked_cells,autochecked_cells,hint_type
2025-10-11,23234,mini,Joel Fagliano,,136,2:16,100,True,1780578848,1780578713,,False,False,0,0,0,clean
2025-10-12,23135,mini,Wyna Liu,,86,1:26,100,True,1780578709,1780578623,,False,False,0,0,0,clean
2025-10-13,23230,mini,Joel Fagliano,,157,2:37,100,True,1780578609,1780578452,,False,False,0,0,0,clean
2025-10-14,23231,mini,Joel Fagliano,,69,1:09,100,True,1780570037,1780569968,,False,False,0,0,0,clean
2025-10-15,23185,mini,Sam Ezersky,,66,1:06,100,True,1780569893,1780569827,,False,False,0,0,0,clean
2025-10-16,23237,mini,Joel Fagliano,,118,1:58,100,True,1780569821,1780569702,,False,False,0,0,0,clean
2025-10-17,23238,mini,Ian Livengood,,85,1:25,100,True,1780569072,1780567613,,False,False,0,0,0,clean
2025-10-18,22996,mini,Sam Ezersky,,75,1:15,100,True,1780391570,1780391494,,False,False,0,0,0,clean
2025-10-19,23257,mini,Christina Iverson,,132,2:12,100,True,1780345936,1780318353,,False,False,0,0,0,clean
2025-10-20,23262,mini,Joel Fagliano,,181,3:01,100,True,1780312342,1780311209,,False,False,0,0,0,clean
2025-10-21,23259,mini,Christina Iverson,,114,1:54,100,True,1780311204,1780311090,,False,False,0,0,0,clean
2025-10-22,23263,mini,Joel Fagliano,,78,1:18,100,True,1780263653,1780263400,,False,False,0,0,0,clean
2025-10-23,23252,mini,Sam Ezersky,,121,2:01,100,True,1780263391,1780249005,,False,False,0,0,0,clean
2025-10-24,23266,mini,Tracy Bennett,,79,1:19,100,True,1780248999,1780248919,,False,False,0,0,0,clean
2025-10-25,23235,mini,Sam Ezersky,,110,1:50,100,True,1780248914,1780248804,,False,False,0,0,0,clean
2025-10-26,23281,mini,Joel Fagliano,,51,0:51,100,True,1780248799,1780248749,,False,False,0,0,0,clean
2025-10-27,23287,mini,Sam Ezersky,,143,2:23,100,True,1779954573,1779954381,,False,False,0,0,0,clean
2025-10-28,23282,mini,Joel Fagliano,,133,2:13,100,True,1778666237,1778666103,,False,True,1,2,0,revealed
2025-10-29,23258,mini,Christina Iverson,,541,9:01,100,True,1780578969,1776942332,,False,True,2,0,0,revealed
2025-10-30,23280,mini,Joel Fagliano,,105,1:45,100,True,1776942327,1776942222,,False,False,0,0,0,clean
2025-10-31,23236,mini,Sam Ezersky,,172,2:52,100,True,1776761126,1776760954,,False,False,0,0,0,clean
2025-11-01,23286,mini,Sam Ezersky,,275,4:35,100,True,1776757525,1776757210,,False,True,2,0,0,revealed
2025-11-02,23271,mini,Christina Iverson,,108,1:48,100,True,1776757188,1776756492,,False,False,0,0,0,clean
2025-11-03,23292,mini,Joel Fagliano,,65,1:05,100,True,1776756382,1776756317,,False,False,0,0,0,clean
2025-11-04,23296,mini,Joel Fagliano,,221,3:41,100,True,1776756281,1776755815,,False,True,1,0,0,revealed
2025-11-05,23256,mini,Christina Iverson,,150,2:30,100,True,1776756311,1776614074,,False,False,0,0,0,clean
2025-11-06,23284,mini,Sam Ezersky,,105,1:45,100,True,1776614065,1776613754,,False,False,0,0,0,clean
2025-11-07,23272,mini,Tracy Bennett,,79,1:19,100,True,1776613703,1776613623,,False,False,0,0,0,clean
2025-11-08,23297,mini,Joel Fagliano,,282,4:42,100,True,1775374462,1775340133,,False,False,0,0,0,clean
2025-11-09,23173,mini,Ian Livengood,,110,1:50,100,True,1775158731,1775157980,,False,False,0,0,0,clean
2025-11-10,23283,mini,Joel Fagliano,,247,4:07,100,True,1775157976,1775157600,,False,False,0,0,0,clean
2025-11-11,23325,mini,Joel Fagliano,,37,0:37,100,True,1775157596,1775157559,,False,False,0,0,0,clean
2025-11-12,23254,mini,Sam Ezersky,,122,2:02,100,True,1775157555,1775157432,,False,False,0,0,0,clean
2025-11-13,23327,mini,Joel Fagliano,,100,1:40,100,True,1775157427,1775157328,,False,False,0,0,0,clean
2025-11-14,23269,mini,Christina Iverson,,216,3:36,100,True,1775157309,1775157093,,False,False,0,0,0,clean
2025-11-15,23294,mini,Joel Fagliano,,156,2:36,100,True,1775157089,1775156934,,False,False,0,0,0,clean
2025-11-16,23326,mini,Joel Fagliano,,180,3:00,100,True,1775156927,1775156747,,False,False,0,0,0,clean
2025-11-17,23368,mini,Joel Fagliano,,115,1:55,100,True,1775156739,1775148949,,False,False,0,0,0,clean
2025-11-18,23364,mini,Christina Iverson,,402,6:42,100,True,1775107936,1775075163,,False,False,0,0,0,clean
2025-11-19,23406,mini,Joel Fagliano,,187,3:07,100,True,1775075151,1775074746,,False,False,0,0,0,clean
2025-11-20,23369,mini,Joel Fagliano,,54,0:54,100,True,1775055504,1775055450,,False,False,0,0,0,clean
2025-11-21,23376,mini,Ian Livengood,,64,1:04,100,True,1775055445,1775055380,,False,False,0,0,0,clean
2025-11-22,23299,mini,Sam Ezersky,,137,2:17,100,True,1775053864,1775053727,,False,False,0,0,0,clean
2025-11-23,23381,mini,Joel Fagliano,,86,1:26,100,True,1775053115,1775053029,,False,False,0,0,0,clean
2025-11-24,23404,mini,Christina Iverson,,136,2:16,100,True,1775053025,1775052889,,False,False,0,0,0,clean
2025-11-25,23402,mini,Joel Fagliano,,79,1:19,100,True,1775052884,1775052806,,False,False,0,0,0,clean
2025-11-26,23267,mini,Tracy Bennett,,255,4:15,100,True,1775052801,1775050771,,False,False,0,0,0,clean
2025-11-27,23260,mini,Joel Fagliano,,279,4:39,100,True,1775050765,1774988475,,False,False,0,0,0,clean
2025-11-28,23261,mini,Sam Ezersky,,103,1:43,100,True,1774976778,1774976675,,False,False,0,0,0,clean
2025-11-29,23298,mini,Sam Ezersky,,230,3:50,100,True,1774976668,1774974486,,False,False,0,0,0,clean
2025-11-30,23408,mini,Christina Iverson,,21,0:21,100,True,1774973692,1774973671,,False,False,0,0,0,clean
2025-12-01,23414,mini,Joel Fagliano,,26,0:26,100,True,1774958932,1774958907,,False,False,0,0,0,clean
2025-12-02,23442,mini,Joel Fagliano,,136,2:16,100,True,1774958895,1774958759,,False,False,0,0,0,clean
2025-12-03,23441,mini,Joel Fagliano,,88,1:28,100,True,1774958754,1774958667,,False,False,0,0,0,clean
2025-12-04,23412,mini,Sam Ezersky,,238,3:58,100,True,1774958601,1774958338,,False,False,0,0,0,clean
2025-12-05,23410,mini,Christina Iverson,,49,0:49,100,True,1774957333,1774957284,,False,False,0,0,0,clean
2025-12-06,23415,mini,Sam Ezersky,,151,2:31,100,True,1774957278,1774957127,,False,False,0,0,0,clean
2025-12-07,23443,mini,Joel Fagliano,,113,1:53,100,True,1774957113,1774950363,,False,False,0,0,0,clean
2025-12-08,23409,mini,Ian Livengood,,48,0:48,100,True,1774950344,,,False,False,0,0,0,clean
2025-12-09,23453,mini,Joel Fagliano,,85,1:25,100,True,1774949282,1774949197,,False,False,0,0,0,clean
2025-12-10,23403,mini,Christina Iverson,,185,3:05,100,True,1774949189,1774949004,,False,False,0,0,0,clean
2025-12-11,23413,mini,Sam Ezersky,,201,3:21,100,True,1774948990,1774948722,,False,False,0,0,0,clean
2025-12-12,23454,mini,Joel Fagliano,,183,3:03,100,True,1774948635,1774948415,,False,False,0,0,0,clean
2025-12-13,23295,mini,Sam Ezersky,,631,10:31,100,True,1774889418,1774885657,,False,True,3,0,0,revealed
2025-12-14,23417,mini,Wyna Liu,,250,4:10,100,True,1774885649,1774885359,,False,False,0,0,0,clean
2025-12-15,23475,mini,Joel Fagliano,,74,1:14,100,True,1774885269,1774885194,,False,False,0,0,0,clean
2025-12-16,23477,mini,Joel Fagliano,,230,3:50,100,True,1774885187,1774882734,,False,True,1,0,0,revealed
2025-12-17,23190,mini,Sam Ezersky,,204,3:24,100,True,1774882629,1774882350,,False,False,0,0,0,clean
2025-12-18,23480,mini,Joel Fagliano,,84,1:24,100,True,1774882344,1774882076,,False,False,0,0,0,clean
2025-12-19,23379,mini,Ian Livengood,,82,1:22,100,True,1774882061,1774881978,,False,False,0,0,0,clean
2025-12-20,23517,mini,Joel Fagliano,,186,3:06,100,True,1774881972,1774881747,,False,False,0,0,0,clean
2025-12-21,23411,mini,Sam Ezersky,,297,4:57,100,True,1774881733,1774877616,,False,False,0,0,0,clean
2025-12-22,23407,mini,Christina Iverson,,101,1:41,100,True,1774877599,1774877499,,False,False,0,0,0,clean
2025-12-23,23518,mini,Joel Fagliano,,133,2:13,100,True,1774877487,1774877354,,False,False,0,0,0,clean
2025-12-24,23519,mini,Joel Fagliano,,124,2:04,100,True,1774876446,1774876323,,False,False,0,0,0,clean
2025-12-25,23401,mini,Joel Fagliano,,281,4:41,100,True,1774731206,1774728842,,False,False,0,0,0,clean
2025-12-26,23521,mini,Christina Iverson,,92,1:32,100,True,1774728826,1774720445,,False,False,0,0,0,clean
2025-12-27,23543,mini,Joel Fagliano,,146,2:26,100,True,1774720439,1774720293,,False,False,0,0,0,clean
2025-12-28,23488,mini,Joel Fagliano,,214,3:34,100,True,1774720286,1774720072,,False,False,0,0,0,clean
2025-12-29,23541,mini,Joel Fagliano,,45,0:45,100,True,1774719048,1774719002,,False,False,0,0,0,clean
2025-12-30,23520,mini,Christina Iverson,,44,0:44,100,True,1774718995,1774718950,,False,False,0,0,0,clean
2025-12-31,23542,mini,Joel Fagliano,,75,1:15,100,True,1774609125,1774609051,,False,False,0,0,0,clean
2026-01-01,23486,mini,Sam Ezersky,,81,1:21,100,True,1774474607,1774474527,,False,False,0,0,0,clean
2026-01-02,23487,mini,Sam Ezersky,,96,1:36,100,True,1774474516,1774474420,,False,True,1,0,0,revealed
2026-01-03,23544,mini,Joel Fagliano,,217,3:37,100,True,1774474413,1774474091,,False,False,0,0,0,clean
2026-01-04,23545,mini,Joel Fagliano,,105,1:45,100,True,1774474084,1774473978,,False,False,0,0,0,clean
2026-01-05,23547,mini,Joel Fagliano,,223,3:43,100,True,1774473969,1774473554,,False,False,0,0,0,clean
2026-01-06,22994,mini,Sam Ezersky,,329,5:29,100,True,1774473548,1774450876,,False,True,2,0,0,revealed
2026-01-07,22995,mini,Sam Ezersky,,91,1:31,100,True,1774450868,1774450774,,False,False,0,0,0,clean
2026-01-08,22991,mini,Sam Ezersky,,100,1:40,100,True,1774448517,1774448079,,False,False,0,0,0,clean
2026-01-09,22992,mini,Sam Ezersky,,259,4:19,100,True,1774442537,1774442153,,False,True,3,0,0,revealed
2026-01-10,22993,mini,Sam Ezersky,,240,4:00,100,True,1774388409,1774388169,,False,False,0,0,0,clean
2026-01-11,23620,mini,Joel Fagliano,,153,2:33,100,True,1774388161,1774388007,,False,False,0,0,0,clean
2026-01-12,23522,mini,Christina Iverson,,228,3:48,100,True,1768237642,1768237414,,False,False,0,0,0,clean
2026-01-13,23623,mini,Joel Fagliano,,247,4:07,100,True,1768316089,1768315839,,False,False,0,0,0,clean
2026-01-14,23288,mini,Sam Ezersky,,59,0:59,100,True,1774388002,1774387944,,False,False,0,0,0,clean
2026-01-15,23626,mini,Joel Fagliano,,75,1:15,100,True,1774387939,1774387864,,False,False,0,0,0,clean
2026-01-16,23627,mini,Joel Fagliano,,223,3:43,100,True,1774387852,1774387630,,False,False,0,0,0,clean
2026-01-17,23625,mini,Joel Fagliano,,246,4:06,100,True,1769000328,1769000082,,False,False,0,0,0,clean
2026-01-18,23622,mini,Joel Fagliano,,228,3:48,100,True,1768765196,1768764967,,False,False,0,0,0,clean
2026-01-19,23650,mini,Ian Livengood,,59,0:59,100,True,1769000075,1769000016,,False,False,0,0,0,clean
2026-01-20,23490,mini,Sam Ezersky,,100,1:40,100,True,1768896527,1768896427,,False,False,0,0,0,clean
2026-01-21,23633,mini,Christina Iverson,,150,2:30,100,True,1768992333,1768992174,,False,True,0,1,0,checked
2026-01-22,23665,mini,Joel Fagliano,,188,3:08,100,True,1769087867,1769087679,,False,False,0,0,0,clean
2026-01-23,23285,mini,Sam Ezersky,,224,3:44,100,True,1769687544,1769687317,,False,True,0,3,0,checked
2026-01-24,23670,mini,Joel Fagliano,,233,3:53,100,True,1774387616,1774387369,,False,False,0,0,0,clean
2026-01-25,23630,mini,Christina Iverson,,160,2:40,100,True,1769606422,1769606262,,False,True,1,0,0,revealed
2026-01-26,23647,mini,Ian Livengood,,217,3:37,100,True,1769427237,1769427020,,False,True,3,1,0,revealed
2026-01-27,23679,mini,Joel Fagliano,,269,4:29,100,True,1769510410,1769510142,,False,False,0,0,0,clean
2026-01-28,23405,mini,Christina Iverson,,225,3:45,100,True,1769605651,1769605424,,False,True,0,1,0,checked
2026-01-29,23680,mini,Joel Fagliano,,67,1:07,100,True,1769681822,1769681755,,False,False,0,0,0,clean
2026-01-30,23684,mini,Joel Fagliano,,176,2:56,100,True,1769766839,1769766659,,False,True,1,1,0,revealed
2026-01-31,23482,mini,Sam Ezersky,,460,7:40,100,True,1774387360,1774377743,,False,False,0,0,0,clean
2026-02-01,23629,mini,Christina Iverson,,113,1:53,100,True,1769944154,1769944037,,False,True,0,2,0,checked
2026-02-02,23681,mini,Sam Ezersky,,118,1:58,100,True,1770027481,1770027149,,False,True,0,1,0,checked
2026-02-03,23701,mini,Joel Fagliano,,67,1:07,100,True,1770103429,1770103363,,False,False,0,0,0,clean
2026-02-04,23694,mini,Sam Ezersky,,3,0:03,100,True,1770186833,1770186591,,False,True,1,3,0,revealed
2026-02-05,23703,mini,Joel Fagliano,,172,2:52,100,True,1774216078,1774215906,,False,False,0,0,0,clean
2026-02-06,23700,mini,Joel Fagliano,,55,0:55,100,True,1770370931,1770370877,,False,False,0,0,0,clean
2026-02-07,23706,mini,Joel Fagliano,,194,3:14,100,True,1770469642,1770469448,,False,False,0,0,0,clean
2026-02-08,23697,mini,Sam Ezersky,,192,3:12,100,True,1770736388,1770736196,,False,True,0,2,0,checked
2026-02-09,23698,mini,Tracy Bennett,,108,1:48,100,True,1770736131,1770736023,,False,True,0,5,0,checked
2026-02-10,23735,mini,Joel Fagliano,,55,0:55,100,True,1770719827,1770719770,,False,False,0,0,0,clean
2026-02-11,23685,mini,Sam Ezersky,,210,3:30,100,True,1770819554,1770819342,,False,False,0,0,0,clean
2026-02-12,23739,mini,Ian Livengood,,162,2:42,100,True,1770895457,1770895285,,False,True,2,1,0,revealed
2026-02-13,23745,mini,Joel Fagliano,,56,0:56,100,True,1774215892,1774215835,,False,False,0,0,0,clean
2026-02-14,23734,mini,Joel Fagliano,,272,4:32,100,True,1771101003,1771100729,,False,False,0,0,0,clean
2026-02-15,23737,mini,Joel Fagliano,,268,4:28,100,True,1771169936,1771169668,,False,True,2,0,0,revealed
2026-02-16,23748,mini,Joel Fagliano,,65,1:05,100,True,1774215830,1774215765,,False,False,0,0,0,clean
2026-02-17,23705,mini,Sam Ezersky,,103,1:43,100,True,1774215759,1774215656,,False,True,0,2,0,checked
2026-02-18,23726,mini,Christina Iverson,,230,3:50,100,True,1774215623,1774212272,,False,False,0,0,0,clean
2026-02-19,23687,mini,Sam Ezersky,,70,1:10,100,True,1774212266,1774212197,,False,False,0,0,0,clean
2026-02-20,23771,mini,Joel Fagliano,,120,2:00,100,True,1771569667,1771569540,,False,True,1,0,0,revealed
2026-02-21,23773,mini,Joel Fagliano,,272,4:32,100,True,1774212187,1773940729,,False,False,0,0,0,clean
2026-02-22,23738,mini,Ian Livengood,,110,1:50,100,True,1773940723,1773940491,,False,False,0,0,0,clean
2026-02-23,23774,mini,Joel Fagliano,,99,1:39,100,True,1771842436,1771842338,,False,False,0,0,0,clean
2026-02-24,23523,mini,Christina Iverson,,237,3:57,100,True,1771937854,1771937616,,False,False,0,0,0,clean
2026-02-25,23742,mini,Ian Livengood,,101,1:41,100,True,1772012803,1772012702,,False,False,0,0,0,clean
2026-02-26,23775,mini,Joel Fagliano,,96,1:36,100,True,1772094914,1772094814,,False,False,0,0,0,clean
2026-02-27,23785,mini,Joel Fagliano,,274,4:34,100,True,1774216207,1772207480,,False,False,0,0,0,clean
2026-02-28,23683,mini,Sam Ezersky,,212,3:32,100,True,1773598966,1773598754,,False,False,0,0,0,clean
2026-03-01,23786,mini,Ian Livengood,,182,3:02,100,True,1773422723,1772404189,,False,False,0,0,0,clean
2026-03-02,23793,mini,Joel Fagliano,,211,3:31,100,True,1773598742,1773422729,,False,False,0,0,0,clean
2026-03-03,23806,mini,Joel Fagliano,,85,1:25,100,True,1772523178,1772523093,,False,False,0,0,0,clean
2026-03-04,23790,mini,Ian Livengood,,143,2:23,100,True,1773342837,1773342694,,False,True,1,2,0,revealed
2026-03-05,23809,mini,Sam Ezersky,,177,2:57,100,True,1772701767,1772701590,,False,False,0,0,0,clean
2026-03-06,23791,mini,Christina Iverson,,71,1:11,100,True,1773245165,1773245094,,False,False,0,0,0,clean
2026-03-07,23826,mini,Joel Fagliano,,284,4:44,100,True,1772905296,1772905008,,False,True,3,1,0,revealed
2026-03-08,23816,mini,Joel Fagliano,,255,4:15,100,True,1773422601,1772990709,,False,False,0,0,0,clean
2026-03-09,23820,mini,Joel Fagliano,,330,5:30,100,True,1773049227,1773048757,,False,True,2,2,0,revealed
2026-03-10,23788,mini,Christina Iverson,,244,4:04,100,True,1773144479,1773143897,,False,False,0,0,0,clean
2026-03-11,23810,mini,Sam Ezersky,,247,4:07,100,True,1773219244,1773218998,,False,True,1,2,0,revealed
2026-03-12,23741,mini,Ian Livengood,,229,3:49,100,True,1773315612,1773315212,,False,False,0,0,0,clean
2026-03-13,23843,mini,Joel Fagliano,,175,2:55,100,True,1773390839,1773385265,,False,True,0,4,0,checked
2026-03-14,23844,mini,Joel Fagliano,,279,4:39,100,True,1773507071,1773506722,,False,True,4,0,0,revealed
2026-03-15,23848,mini,Joel Fagliano,,226,3:46,100,True,1773584337,1773567978,,False,True,0,1,0,checked
2026-03-16,23845,mini,Tracy Bennett,,287,4:47,100,True,1773647580,1773643370,,False,True,1,0,0,revealed
2026-03-17,23850,mini,Joel Fagliano,,103,1:43,100,True,1773735218,1773735115,,False,False,0,0,0,clean
2026-03-18,23908,mini,Joel Fagliano,,103,1:43,100,True,1773819838,1773819735,,False,False,0,0,0,clean
2026-03-19,23866,mini,Joel Fagliano,,57,0:57,100,True,1773905144,1773905087,,False,False,0,0,0,clean
2026-03-20,23812,mini,Sam Ezersky,,68,1:08,100,True,1773988349,1773988280,,False,False,0,0,0,clean
2026-03-21,23796,mini,Christina Iverson,,232,3:52,100,True,1774109536,1774072948,,False,True,1,0,0,revealed
2026-03-22,23867,mini,Joel Fagliano,,296,4:56,100,True,1774161062,1774160766,,False,True,3,0,0,revealed
2026-03-23,23886,mini,Joel Fagliano,,58,0:58,100,True,1774249752,1774249695,,False,False,0,0,0,clean
2026-03-24,23860,mini,Tracy Bennett,,115,1:55,100,True,1774334981,1774334865,,False,False,0,0,0,clean
2026-03-25,23865,mini,Christina Iverson,,69,1:09,100,True,1774431433,1774431363,,False,False,0,0,0,clean
2026-03-26,23868,mini,Joel Fagliano,,70,1:10,100,True,1774506311,1774506241,,False,False,0,0,0,clean
2026-03-27,23887,mini,Joel Fagliano,,101,1:41,100,True,1774598190,1774597982,,False,False,0,0,0,clean
2026-03-28,23811,mini,Sam Ezersky,,430,7:10,100,True,1774711726,1774711024,,False,False,0,0,0,clean
2026-03-29,23877,mini,Christina Iverson,,158,2:38,100,True,1774790856,1774767664,,False,True,1,0,0,revealed
2026-03-30,23883,mini,Tracy Bennett,,175,2:55,100,True,1774857272,1774854953,,False,False,0,0,0,clean
2026-03-31,23912,mini,Joel Fagliano,,174,2:54,100,True,1774935665,1774935492,,False,True,1,0,0,revealed
2026-04-01,23813,mini,Sam Ezersky,,75,1:15,100,True,1775028913,1775028801,,False,False,0,0,0,clean
2026-04-02,23880,mini,Christina Iverson,,369,6:09,100,True,1775127482,1775109025,,False,True,2,0,0,revealed
2026-04-03,23913,mini,Joel Fagliano,,127,2:07,100,True,1775194371,1775194244,,False,False,0,0,0,clean
2026-04-04,23753,mini,Sam Ezersky,,302,5:02,100,True,1775282038,1775281718,,False,False,0,0,0,clean
2026-04-05,23872,mini,Christina Iverson,,65,1:05,100,True,1775374532,1775374467,,False,False,0,0,0,clean
2026-04-06,23878,mini,Ian Livengood,,72,1:12,100,True,1775469540,1775469468,,False,False,0,0,0,clean
2026-04-07,23909,mini,Joel Fagliano,,85,1:25,100,True,1775539603,1775539451,,False,False,0,0,0,clean
2026-04-08,23914,mini,Joel Fagliano,,79,1:19,100,True,1775629716,1775629636,,False,False,0,0,0,clean
2026-04-09,23905,mini,Tracy Bennett,,235,3:55,100,True,1775716888,1775716513,,False,False,0,0,0,clean
2026-04-10,23933,mini,Sam Ezersky,,124,2:04,100,True,1775810270,1775810149,,False,False,0,0,0,clean
2026-04-11,23932,mini,Joel Fagliano,,219,3:39,100,True,1775892088,1775891644,,False,False,0,0,0,clean
2026-04-12,23870,mini,Ian Livengood,,196,3:16,100,True,1775995773,1775992582,,False,False,0,0,0,clean
2026-04-13,23936,mini,Joel Fagliano,,83,1:23,100,True,1776064497,1776064413,,False,False,0,0,0,clean
2026-04-14,23934,mini,Joel Fagliano,,132,2:12,100,True,1776149280,1776149148,,False,False,0,0,0,clean
2026-04-15,23879,mini,Christina Iverson,,349,5:49,100,True,1776239575,1776239225,,False,False,0,0,0,clean
2026-04-16,23954,mini,Wyna Liu,,237,3:57,100,True,1776330902,1776316834,,False,False,0,0,0,clean
2026-04-17,23955,mini,Joel Fagliano,,85,1:25,100,True,1776422743,1776422659,,False,False,0,0,0,clean
2026-04-18,23939,mini,Joel Fagliano,,413,6:53,100,True,1776555223,1776516465,,False,False,0,0,0,clean
2026-04-19,23686,mini,Sam Ezersky,,84,1:24,100,True,1776589824,1776589740,,False,False,0,0,0,clean
2026-04-20,23965,mini,Joel Fagliano,,36,0:36,100,True,1776668519,1776668483,,False,False,0,0,0,clean
2026-04-21,23964,mini,Joel Fagliano,,126,2:06,100,True,1776749570,1776749242,,False,False,0,0,0,clean
2026-04-22,23862,mini,Christina Iverson,,199,3:19,100,True,1776852026,1776851825,,False,True,0,4,0,checked
2026-04-23,23982,mini,Joel Fagliano,,96,1:36,100,True,1776921203,1776921103,,False,False,0,0,0,clean
2026-04-24,23969,mini,Joel Fagliano,,139,2:19,100,True,1777067477,1777067034,,False,False,0,0,0,clean
2026-04-25,23971,mini,Sam Ezersky,,259,4:19,100,True,1777125286,1777121447,,False,False,0,0,0,clean
2026-04-26,23966,mini,Joel Fagliano,,129,2:09,100,True,1777200829,1777196293,,False,False,0,0,0,clean
2026-04-27,23702,mini,Joel Fagliano,,102,1:42,100,True,1777271413,1777271311,,False,False,0,0,0,clean
2026-04-28,23957,mini,Tracy Bennett,,131,2:11,100,True,1777358514,1777358376,,False,False,0,0,0,clean
2026-04-29,23967,mini,Joel Fagliano,,42,0:42,100,True,1777445499,1777445456,,False,False,0,0,0,clean
2026-04-30,23935,mini,Joel Fagliano,,120,2:00,100,True,1777538768,1777538647,,False,False,0,0,0,clean
2026-05-01,23960,mini,Sam Ezersky,,97,1:37,100,True,1777625544,1777625447,,False,False,0,0,0,clean
2026-05-02,23979,mini,Joel Fagliano,,101,1:41,100,True,1777824815,1777824713,,False,False,0,0,0,clean
2026-05-03,23958,mini,Sam Ezersky,,169,2:49,100,True,1777825007,1777824822,,False,False,0,0,0,clean
2026-05-04,23973,mini,Christina Iverson,,86,1:26,100,True,1777908243,1777908084,,False,False,0,0,0,clean
2026-05-05,23985,mini,Tracy Bennett,,176,2:56,100,True,1777975272,1777975097,,False,True,1,0,0,revealed
2026-05-06,24002,mini,Joel Fagliano,,40,0:40,100,True,1778046606,1778046566,,False,False,0,0,0,clean
2026-05-07,23998,mini,Sam Ezersky,,71,1:11,100,True,1778149816,1778149745,,False,False,0,0,0,clean
2026-05-08,23977,mini,Christina Iverson,,178,2:58,100,True,1778229573,1778229387,,False,False,0,0,0,clean
2026-05-09,23851,mini,Joel Fagliano,,421,7:01,100,True,1778342466,1778339053,,False,True,0,2,0,checked
2026-05-10,23983,mini,Joel Fagliano,,105,1:45,100,True,1778396064,1778395960,,False,False,0,0,0,clean
2026-05-11,23871,mini,Ian Livengood,,232,3:52,100,True,1778487519,1778479729,,False,False,0,0,0,clean
2026-05-12,24001,mini,Joel Fagliano,,96,1:36,100,True,1778575072,1778574976,,False,False,0,0,0,clean
2026-05-13,24004,mini,Sam Ezersky,,147,2:27,100,True,1778654163,1778654008,,False,False,0,0,0,clean
2026-05-14,24038,mini,Joel Fagliano,,78,1:18,100,True,1778750806,1778750728,,False,False,0,0,0,clean
2026-05-15,24040,mini,Joel Fagliano,,102,1:42,100,True,1778967423,1778967304,,False,False,0,0,0,clean
2026-05-16,23981,mini,Christina Iverson,,347,5:47,100,True,1779027582,1778967308,,False,True,2,0,0,revealed
2026-05-17,24039,mini,Joel Fagliano,,255,4:15,100,True,1779033773,1779027589,,False,False,0,0,0,clean
2026-05-18,24041,mini,Joel Fagliano,,96,1:36,100,True,1779171656,1779132579,,False,False,0,0,0,clean
2026-05-19,23923,mini,Sam Ezersky,,35,0:35,100,True,1779187460,1779187425,,False,False,0,0,0,clean
2026-05-20,24003,mini,Joel Fagliano,,104,1:44,100,True,1779297087,1779296983,,False,False,0,0,0,clean
2026-05-21,24043,mini,Joel Fagliano,,153,2:33,100,True,1779349203,1779349050,,False,True,2,0,0,revealed
2026-05-22,24060,mini,Joel Fagliano,,236,3:56,100,True,1779734790,1779712212,,False,True,2,0,0,revealed
2026-05-23,23999,mini,Sam Ezersky,,155,2:35,100,True,1779734955,1779734795,,False,False,0,0,0,clean
2026-05-24,24084,mini,Joel Fagliano,,119,1:59,100,True,1779792347,1779734961,,False,False,0,0,0,clean
2026-05-25,24086,mini,Tracy Bennett,,82,1:22,100,True,1779690205,1779690123,,False,False,0,0,0,clean
2026-05-26,24082,mini,Joel Fagliano,,273,4:33,100,True,1779792273,1779775871,,False,True,2,0,0,revealed
2026-05-27,24088,mini,Ian Livengood,,152,2:32,100,True,1779873814,1779865645,,False,False,0,0,0,clean
2026-05-28,23976,mini,Christina Iverson,,186,3:06,100,True,1779946859,1779946673,,False,False,0,0,0,clean
2026-05-29,23961,mini,Sam Ezersky,,67,1:07,100,True,1780039362,1780039294,,False,False,0,0,0,clean
2026-05-30,23956,mini,Joel Fagliano,,297,4:57,100,True,1780155506,1780154267,,False,True,0,10,0,checked
2026-05-31,24099,mini,Ian Livengood,,211,3:31,100,True,1780224195,1780213917,,False,False,0,0,0,clean
2026-06-01,24005,mini,Sam Ezersky,,124,2:04,100,True,1780295423,1780295296,,False,False,0,0,0,clean
2026-06-02,23938,mini,Joel Fagliano,,68,1:08,100,True,1780379513,1780379445,,False,False,0,0,0,clean
2026-06-03,23974,mini,Christina Iverson,,173,2:53,100,True,1780473135,1780472782,,False,False,0,0,0,clean
2026-06-04,24125,mini,Joel Fagliano,,80,1:20,100,True,1780554811,1780554731,,False,False,0,0,0,clean
2026-06-05,23807,mini,Sam Ezersky,,207,3:27,100,True,1780637628,1780637370,,False,False,0,0,0,clean
2026-06-06,24090,mini,Ian Livengood,,370,6:10,100,True,1780749373,1780736417,,False,False,0,0,0,clean
2026-06-07,24153,mini,Joel Fagliano,,107,1:47,100,True,1780856687,1780817354,,False,False,0,0,0,clean
2026-06-08,23975,mini,Christina Iverson,,135,2:15,100,True,1780904733,1780904598,,False,False,0,0,0,clean
2026-06-09,23937,mini,Joel Fagliano,,39,0:39,100,True,1780984671,1780984632,,False,False,0,0,0,clean
2026-06-10,23992,mini,Sam Ezersky,,70,1:10,100,True,1781079179,1781079098,,False,False,0,0,0,clean
2026-06-11,24154,mini,Joel Fagliano,,26,0:26,100,True,1781169198,1781169171,,False,False,0,0,0,clean
2026-06-12,24089,mini,Ian Livengood,,137,2:17,100,True,1781300351,1781300214,,False,True,1,0,0,revealed
2026-06-13,24030,mini,Joel Fagliano,,244,4:04,100,True,1781353468,1781351749,,False,False,0,0,0,clean
2026-06-14,24155,mini,Joel Fagliano,,108,1:48,100,True,1781425153,1781425046,,False,False,0,0,0,clean
2026-06-15,24157,mini,Joel Fagliano,,148,2:28,100,True,1781513615,1781512348,,False,False,0,0,0,clean
2026-06-16,24156,mini,Ian Livengood,,156,2:36,100,True,1781592099,1781591930,,False,False,0,0,0,clean
2026-06-17,24141,mini,Christina Iverson,,159,2:39,100,True,1781682774,1781682615,,False,False,0,0,0,clean
2026-06-18,24179,mini,Joel Fagliano,,26,0:26,100,True,1781769987,1781769961,,False,False,0,0,0,clean
2026-06-19,23995,mini,Sam Ezersky,,65,1:05,100,True,1781859977,1781859912,,False,False,0,0,0,clean
2026-06-20,24181,mini,Joel Fagliano,,117,1:57,100,True,1781950508,1781950390,,False,False,0,0,0,clean
2026-06-21,24182,mini,Joel Fagliano,,52,0:52,100,True,1782050460,1782050408,,False,False,0,0,0,clean
2026-06-22,24209,mini,Sam Ezersky,,97,1:37,100,True,1782113458,1782113360,,False,False,0,0,0,clean
2026-06-23,24202,mini,Joel Fagliano,,104,1:44,100,True,1782195362,1782195212,,False,False,0,0,0,clean
2026-06-24,24248,mini,Joel Fagliano,,44,0:44,100,True,1782288546,1782288502,,False,False,0,0,0,clean
2026-06-25,24204,mini,Joel Fagliano,,148,2:28,100,True,1782387842,1782387694,,False,False,0,0,0,clean
2026-06-26,24208,mini,Tracy Bennett,,106,1:46,100,True,1782476075,1782475969,,False,False,0,0,0,clean
2026-06-27,24187,mini,Ian Livengood,,262,4:22,100,True,1782546265,1782545908,,False,True,1,0,0,revealed
2026-06-28,24217,mini,Joel Fagliano,,65,1:05,100,True,1782657512,1782657446,,False,False,0,0,0,clean
2026-06-29,24243,mini,Joel Fagliano,,113,1:53,100,True,1782724606,1782724491,,False,False,0,0,0,clean
2026-06-30,24207,mini,Ian Livengood,,93,1:33,100,True,1782805062,1782804969,,False,True,0,1,0,checked
2026-07-01,24244,mini,Joel Fagliano,,76,1:16,100,True,1782921929,,,False,False,0,0,0,clean
2026-07-02,24214,mini,Sam Ezersky,,111,1:51,100,True,1782980347,,,False,False,0,0,0,clean
2026-07-03,24245,mini,Joel Fagliano,,172,2:52,100,True,1783061729,,,True,True,0,0,0,autocheck
2026-07-04,24246,mini,Joel Fagliano,,523,8:43,95,False,,,,True,True,1,0,0,revealed
2026-07-05,24247,mini,Joel Fagliano,,181,3:01,100,True,1783233278,,,True,True,1,0,0,revealed
2026-07-06,24203,mini,Joel Fagliano,,48,0:48,100,True,1783345328,,,False,False,0,0,0,clean
2026-07-07,24257,mini,Joel Fagliano,,144,2:24,100,True,1783417006,,,True,True,0,0,0,autocheck
2026-07-08,24219,mini,Ian Livengood,,53,0:53,100,True,1783491883,,,False,False,0,0,0,clean
2026-07-09,24267,mini,Joel Fagliano,,52,0:52,100,True,1783582083,,,False,False,0,0,0,clean
2026-07-10,24269,mini,Joel Fagliano,,84,1:24,100,True,1783658716,,,False,False,0,0,0,clean
2026-07-11,24212,mini,Ian Livengood,,213,3:33,100,True,1783741981,,,False,False,0,0,0,clean
2026-07-12,24228,mini,Sam Ezersky,,195,3:15,24,False,,,,True,True,0,0,0,autocheck
2026-07-13,24256,mini,Joel Fagliano,,118,1:58,58,False,,,,False,False,0,0,0,clean
2026-07-14,24273,mini,Joel Fagliano,,39,0:39,100,True,1784045803,,,False,False,0,0,0,clean
2026-07-15,24255,mini,Wyna Liu,,112,1:52,68,False,,,,False,False,0,0,0,clean
2026-07-16,23808,mini,Sam Ezersky,,111,1:51,100,True,1784185975,,,False,False,0,0,0,clean
2026-07-17,24291,mini,Joel Fagliano,,138,2:18,100,True,1784271478,,,False,False,0,0,0,clean
2026-07-18,24290,mini,Joel Fagliano,,231,3:51,100,True,1784443477,,,False,False,0,0,0,clean
2026-07-19,24292,mini,Joel Fagliano,,47,0:47,100,True,1784443632,,,False,False,0,0,0,clean
