date,wordle,connections,strands
2026-06-14,False,False,False
2026-06-15,False,True,False
2026-06-16,True,True,False
2026-06-17,False,False,False
2026-06-18,False,False,False
2026-06-19,False,False,False
2026-06-20,False,False,False
2026-06-21,True,False,False
2026-06-22,False,True,False
2026-06-23,False,False,False
2026-06-24,True,True,False
2026-06-25,False,False,False
2026-06-26,False,False,False
2026-06-27,False,False,False
2026-06-28,False,False,False
2026-06-29,False,False,False
2026-06-30,False,False,False
2026-07-01,False,False,False
2026-07-02,True,False,False
2026-07-03,False,False,False
2026-07-04,False,False,False
2026-07-05,False,False,False
2026-07-06,False,False,False
2026-07-07,False,False,False
2026-07-08,False,False,False
